estimator,q,balanced_accuracy,accuracy,nll,brier,auroc,runtime_seconds,source_path
grouped_residual_irt_anchor_cosine_g16_t010_rp200,100,0.7864542260318933,0.8179425485416492,0.4439681301402245,0.1318995954019051,0.8847484251827986,0.4541902121875409,reports/model_improvement_fasttext/grouped_residual_irt_focus_anchor/grouped_residual_irt_summary.csv
grouped_residual_irt_anchor_cosine_g16_t010_rp200,100,0.7864542260318933,0.8179425485416492,0.4439681301402245,0.1318995954019051,0.8847484251827986,0.5291587236874875,reports/model_improvement_fasttext/grouped_residual_irt_focus_anchor_twopl_ens/grouped_residual_irt_summary.csv
grouped_residual_irt_anchor_cosine_g16_t010_rp100,100,0.7864485748270532,0.8179320416911826,0.4439691834994427,0.1319000948815084,0.8847443351780196,0.4551220461250693,reports/model_improvement_fasttext/grouped_residual_irt_focus_anchor/grouped_residual_irt_summary.csv
grouped_residual_irt_anchor_cosine_g16_t010_rp100,100,0.7864485748270532,0.8179320416911826,0.4439691834994427,0.1319000948815084,0.8847443351780196,0.5652611850623543,reports/model_improvement_fasttext/grouped_residual_irt_focus_anchor_twopl_ens/grouped_residual_irt_summary.csv
grouped_residual_irt_anchor_cosine_g16_t010_rp300,100,0.7864455208672472,0.8179320416911826,0.4439685315490194,0.1318996926171488,0.8847519627603718,0.4369995333750012,reports/model_improvement_fasttext/grouped_residual_irt_focus_anchor/grouped_residual_irt_summary.csv
grouped_residual_irt_anchor_cosine_g16_t015_rp100,100,0.786425540871727,0.8178269731865176,0.4440412581421867,0.1319283752892824,0.8847586429422964,0.4334007498125629,reports/model_improvement_fasttext/grouped_residual_irt_focus_anchor/grouped_residual_irt_summary.csv
grouped_residual_irt_anchor_cosine_g16_t015_rp300,100,0.7864131349558046,0.8178427334622174,0.4440316903916651,0.131924531356366,0.8847485617440837,0.4352321911249532,reports/model_improvement_fasttext/grouped_residual_irt_focus_anchor/grouped_residual_irt_summary.csv
grouped_residual_irt_anchor_cosine_g16_t015_rp200,100,0.7864108100508196,0.8178322266117508,0.4440340722898254,0.1319255136950618,0.8847508758232729,0.4342935310000086,reports/model_improvement_fasttext/grouped_residual_irt_focus_anchor/grouped_residual_irt_summary.csv
grouped_residual_irt_anchor_cosine_g32_t010_rp300,100,0.7863975595712663,0.8177901992098848,0.4440606701259989,0.1319324677626084,0.8844286462228959,0.4373990886250567,reports/model_improvement_fasttext/grouped_residual_irt_focus_anchor/grouped_residual_irt_summary.csv
grouped_residual_irt_anchor_cosine_g32_t010_rp200,100,0.786381774638988,0.8177481718080188,0.4440762425909194,0.1319385316363846,0.8844122726898316,0.437039753187463,reports/model_improvement_fasttext/grouped_residual_irt_focus_anchor/grouped_residual_irt_summary.csv
grouped_residual_irt_anchor_cosine_g16_t005_rp100,100,0.7863704248744583,0.8179845759435151,0.4436903307583787,0.1317889035980588,0.8845014701259779,0.4390109562500583,reports/model_improvement_fasttext/grouped_residual_irt_focus_anchor/grouped_residual_irt_summary.csv
grouped_residual_irt_anchor_cosine_g16_t005_rp200,100,0.7863704248744583,0.8179845759435151,0.4436897053897494,0.1317886320609943,0.8845024053789583,0.4504688591875379,reports/model_improvement_fasttext/grouped_residual_irt_focus_anchor/grouped_residual_irt_summary.csv
grouped_residual_irt_anchor_cosine_g16_t005_rp300,100,0.7863704248744583,0.8179845759435151,0.4436895594557823,0.1317885662110081,0.88450304639016,0.4564909449999845,reports/model_improvement_fasttext/grouped_residual_irt_focus_anchor/grouped_residual_irt_summary.csv
grouped_residual_irt_anchor_cosine_g32_t010_rp100,100,0.7863219222744995,0.817648356728587,0.4441027747653417,0.1319489185306374,0.8843621097584532,0.4364645519999897,reports/model_improvement_fasttext/grouped_residual_irt_focus_anchor/grouped_residual_irt_summary.csv
grouped_residual_irt_anchor_cosine_g32_t005_rp100,100,0.786293995363106,0.8179425485416492,0.4440106617130592,0.1319113232579828,0.8838701070223215,0.4364312924999751,reports/model_improvement_fasttext/grouped_residual_irt_focus_anchor/grouped_residual_irt_summary.csv
grouped_residual_irt_anchor_cosine_g32_t015_rp300,100,0.786253504199576,0.817543288223922,0.4440764439928172,0.1319396647772668,0.8846863743774841,0.437871081437521,reports/model_improvement_fasttext/grouped_residual_irt_focus_anchor/grouped_residual_irt_summary.csv
grouped_residual_irt_anchor_cosine_g32_t005_rp200,100,0.7862429178687104,0.8179005211397832,0.4440081355214427,0.1319102592183258,0.8838797305523969,0.4433972028749338,reports/model_improvement_fasttext/grouped_residual_irt_focus_anchor/grouped_residual_irt_summary.csv
grouped_residual_irt_anchor_cosine_g32_t005_rp300,100,0.7862349741497442,0.8179005211397832,0.4440066602324405,0.1319096568259077,0.8838832914647838,0.4389141590625911,reports/model_improvement_fasttext/grouped_residual_irt_focus_anchor/grouped_residual_irt_summary.csv
grouped_residual_irt_anchor_cosine_g32_t015_rp200,100,0.7861976072083183,0.81745923342019,0.4441000407782668,0.1319488796804419,0.884668479008628,0.4407660513124938,reports/model_improvement_fasttext/grouped_residual_irt_focus_anchor/grouped_residual_irt_summary.csv
grouped_residual_irt_anchor_cosine_g32_t015_rp100,100,0.7860919031392983,0.8173016306631924,0.4441369242478712,0.1319633088562839,0.8846167529009694,0.4411160528750315,reports/model_improvement_fasttext/grouped_residual_irt_focus_anchor/grouped_residual_irt_summary.csv
grouped_residual_irt_anchor_cosine_g64_t010_rp300,100,0.7860264122468142,0.8172385895603934,0.4441854024331283,0.1319790507743546,0.884095430952137,0.4606296369374831,reports/model_improvement_fasttext/grouped_residual_irt_focus_anchor/grouped_residual_irt_summary.csv
grouped_residual_irt_anchor_cosine_g64_t010_rp200,100,0.7860235121250583,0.8172280827099269,0.4441943739933893,0.1319824983437949,0.8840327350103765,0.4557704086249714,reports/model_improvement_fasttext/grouped_residual_irt_focus_anchor/grouped_residual_irt_summary.csv
grouped_residual_irt_anchor_cosine_g64_t010_rp200,100,0.7860235121250583,0.8172280827099269,0.4441943739933893,0.1319824983437949,0.8840327350103765,0.5647814659999426,reports/model_improvement_fasttext/grouped_residual_irt_focus_anchor_twopl_ens/grouped_residual_irt_summary.csv
grouped_residual_irt_anchor_cosine_g64_t010_rp100,100,0.7860101325202408,0.8172070690089939,0.4442049926590773,0.1319867572728821,0.8839408345859723,0.4813329132500143,reports/model_improvement_fasttext/grouped_residual_irt_focus_anchor/grouped_residual_irt_summary.csv
grouped_residual_irt_anchor_cosine_g64_t010_rp100,100,0.7860101325202408,0.8172070690089939,0.4442049926590773,0.1319867572728821,0.8839408345859723,0.496027289374922,reports/model_improvement_fasttext/grouped_residual_irt_focus_anchor_twopl_ens/grouped_residual_irt_summary.csv
grouped_residual_irt_anchor_cosine_g64_t015_rp200,100,0.785982370787701,0.8171492813314281,0.444214146463042,0.1319915898037407,0.8840590133289289,0.4666755401874809,reports/model_improvement_fasttext/grouped_residual_irt_focus_anchor/grouped_residual_irt_summary.csv
grouped_residual_irt_anchor_cosine_g64_t015_rp300,100,0.7859758630825782,0.8171440279061948,0.4442063721095508,0.1319884177750727,0.8841229958869764,0.4637557833749781,reports/model_improvement_fasttext/grouped_residual_irt_focus_anchor/grouped_residual_irt_summary.csv
grouped_residual_irt_anchor_cosine_g64_t015_rp100,100,0.7859728213976669,0.8171387744809616,0.444223543883752,0.1319956265789205,0.8839866768127624,0.4589349451249234,reports/model_improvement_fasttext/grouped_residual_irt_focus_anchor/grouped_residual_irt_summary.csv
grouped_residual_irt_pca_quantile_g8_t035_rp100,100,0.7859629470451452,0.8174644868454233,0.4431947759967696,0.131618650087942,0.8829977911504148,0.4493755260625391,reports/model_improvement_fasttext/grouped_residual_irt_focus_pca/grouped_residual_irt_summary.csv
grouped_residual_irt_pca_quantile_g8_t035_rp200,100,0.7859629470451452,0.8174644868454233,0.4431944910885212,0.1316185502768564,0.8829978520714801,0.4593051846875369,reports/model_improvement_fasttext/grouped_residual_irt_focus_pca/grouped_residual_irt_summary.csv
grouped_residual_irt_anchor_cosine_g64_t005_rp100,100,0.7859089150350304,0.8173068840884257,0.4441507354363398,0.131962943248369,0.8836669433550295,0.4455426347500975,reports/model_improvement_fasttext/grouped_residual_irt_focus_anchor/grouped_residual_irt_summary.csv
grouped_residual_irt_anchor_cosine_g64_t005_rp200,100,0.7858958444991074,0.8172963772379591,0.4441467598586848,0.1319615433284363,0.8836904107948449,0.467481680437487,reports/model_improvement_fasttext/grouped_residual_irt_focus_anchor/grouped_residual_irt_summary.csv
grouped_residual_irt_anchor_cosine_g64_t005_rp300,100,0.785887998654267,0.8172911238127258,0.4441440149938287,0.1319605978439395,0.8837035296752653,0.4751121219999561,reports/model_improvement_fasttext/grouped_residual_irt_focus_anchor/grouped_residual_irt_summary.csv
grouped_residual_irt_pca_quantile_g8_t030_rp100,100,0.7858241337497551,0.8171860553080609,0.4431610780943678,0.1316052715124516,0.8829592949986814,0.4412017444999776,reports/model_improvement_fasttext/grouped_residual_irt_focus_pca/grouped_residual_irt_summary.csv
grouped_residual_irt_pca_quantile_g8_t030_rp200,100,0.7858241337497551,0.8171860553080609,0.4431607862965624,0.1316051700263327,0.8829593611463483,0.4403092061874361,reports/model_improvement_fasttext/grouped_residual_irt_focus_pca/grouped_residual_irt_summary.csv
grouped_residual_irt_pca_quantile_g8_t030_rp100,100,0.7858241337497551,0.8171860553080609,0.4431610780943678,0.1316052715124516,0.8829592949986814,0.4182534136874949,reports/model_improvement_fasttext/grouped_residual_irt_focus_pca_twopl_chunks/g8_t030_rp100/grouped_residual_irt_summary.csv
grouped_residual_irt_pca_quantile_g16_t035_rp100,100,0.7856906097251143,0.8171808018828276,0.4435725118603846,0.1317382114971846,0.8830081869272606,0.4897649141250042,reports/model_improvement_fasttext/grouped_residual_irt_focus_pca/grouped_residual_irt_summary.csv
grouped_residual_irt_pca_quantile_g16_t035_rp200,100,0.7856906097251143,0.8171808018828276,0.4435723677533525,0.131738170056625,0.8830087496745525,0.5120642165624929,reports/model_improvement_fasttext/grouped_residual_irt_focus_pca/grouped_residual_irt_summary.csv
grouped_residual_irt_pca_quantile_g16_t030_rp100,100,0.7855982578053133,0.8171282676304951,0.4435269921030845,0.1317200235175894,0.8829821849298729,0.4561178478750207,reports/model_improvement_fasttext/grouped_residual_irt_focus_pca/grouped_residual_irt_summary.csv
grouped_residual_irt_pca_quantile_g16_t030_rp100,100,0.7855982578053133,0.8171282676304951,0.4435269921030845,0.1317200235175894,0.8829821849298729,0.414675995500005,reports/model_improvement_fasttext/grouped_residual_irt_focus_pca_twopl_chunks/g16_t030_rp100/grouped_residual_irt_summary.csv
grouped_residual_irt_pca_quantile_g16_t030_rp200,100,0.7855911149481705,0.8171230142052618,0.4435268212621654,0.1317199699200741,0.8829823333842551,0.4847212624375174,reports/model_improvement_fasttext/grouped_residual_irt_focus_pca/grouped_residual_irt_summary.csv
grouped_residual_irt_pca_quantile_g16_t025_rp100,100,0.7852130987876533,0.8171755484575943,0.4434857365519974,0.1317041058186118,0.8829350316216172,0.4525939460000359,reports/model_improvement_fasttext/grouped_residual_irt_focus_pca/grouped_residual_irt_summary.csv
grouped_residual_irt_pca_quantile_g16_t025_rp100,100,0.7852130987876533,0.8171755484575943,0.4434857365519974,0.1317041058186118,0.8829350316216172,0.4158400529999539,reports/model_improvement_fasttext/grouped_residual_irt_focus_pca_twopl_chunks/g16_t025_rp100/grouped_residual_irt_summary.csv
grouped_residual_irt_pca_quantile_g16_t025_rp200,100,0.7852091500891444,0.817170295032361,0.4434855292490994,0.1317040368503616,0.8829357827845195,0.4520492936875087,reports/model_improvement_fasttext/grouped_residual_irt_focus_pca/grouped_residual_irt_summary.csv
grouped_residual_irt_pca_quantile_g16_t025_rp200,100,0.7852091500891444,0.817170295032361,0.4434855292490994,0.1317040368503616,0.8829357827845195,0.4137862448125133,reports/model_improvement_fasttext/grouped_residual_irt_focus_pca_twopl_chunks/g16_t025_rp200/grouped_residual_irt_summary.csv
grouped_residual_irt_pca_quantile_g16_t020_rp200,100,0.7851242570993383,0.8172280827099269,0.4434684424787866,0.131697941538557,0.8829452346539755,0.4542736968124927,reports/model_improvement_fasttext/grouped_residual_irt_focus_pca/grouped_residual_irt_summary.csv
grouped_residual_irt_pca_quantile_g16_t020_rp100,100,0.7851188270388437,0.8172280827099269,0.4434686863396452,0.1316980254168137,0.8829461175630374,0.4533827008125684,reports/model_improvement_fasttext/grouped_residual_irt_focus_pca/grouped_residual_irt_summary.csv
grouped_residual_irt_pca_quantile_g8_t025_rp100,100,0.784753891597887,0.8173541649155249,0.4431384488673819,0.1315957757571396,0.8830431418196951,0.4523863376250006,reports/model_improvement_fasttext/grouped_residual_irt_focus_pca/grouped_residual_irt_summary.csv
grouped_residual_irt_pca_quantile_g8_t025_rp100,100,0.784753891597887,0.8173541649155249,0.4431384488673819,0.1315957757571396,0.8830431418196951,0.4260670692499815,reports/model_improvement_fasttext/grouped_residual_irt_focus_pca_twopl_chunks/g8_t025_rp100/grouped_residual_irt_summary.csv
grouped_residual_irt_pca_quantile_g8_t025_rp200,100,0.7847467487407441,0.8173489114902917,0.4431381560752417,0.1315956746735132,0.8830430513056808,0.4472425019375237,reports/model_improvement_fasttext/grouped_residual_irt_focus_pca/grouped_residual_irt_summary.csv
grouped_residual_irt_pca_quantile_g8_t025_rp200,100,0.7847467487407441,0.8173489114902917,0.4431381560752417,0.1315956746735132,0.8830430513056808,0.4125088961249901,reports/model_improvement_fasttext/grouped_residual_irt_focus_pca_twopl_chunks/g8_t025_rp200/grouped_residual_irt_summary.csv
grouped_residual_irt_pca_quantile_g8_t020_rp200,100,0.7845755548269245,0.8174539799949567,0.4431394214206961,0.1315949099835123,0.8830533858163637,0.4393481751875185,reports/model_improvement_fasttext/grouped_residual_irt_focus_pca/grouped_residual_irt_summary.csv
grouped_residual_irt_pca_quantile_g8_t020_rp100,100,0.7845711823629536,0.8174487265697234,0.4431397084569587,0.1315950083736188,0.883052702704108,0.4371380693749529,reports/model_improvement_fasttext/grouped_residual_irt_focus_pca/grouped_residual_irt_summary.csv
grouped_residual_irt_pca_quantile_g8_t025_rp200,200,0.7912771384028333,0.8221210901076544,0.4369566661099494,0.1287883767323087,0.886077938391015,0.8891553676249941,reports/model_improvement_fasttext/grouped_residual_irt_focus_pca/grouped_residual_irt_summary.csv
grouped_residual_irt_pca_quantile_g8_t025_rp200,200,0.7912771384028333,0.8221210901076544,0.4369566661099494,0.1287883767323087,0.886077938391015,0.8251137170624929,reports/model_improvement_fasttext/grouped_residual_irt_focus_pca_twopl_chunks/g8_t025_rp200/grouped_residual_irt_summary.csv
grouped_residual_irt_pca_quantile_g8_t025_rp100,200,0.7912739799229466,0.8221157921505468,0.436957235096703,0.1287885714200292,0.8860774732134709,0.9040934257499772,reports/model_improvement_fasttext/grouped_residual_irt_focus_pca/grouped_residual_irt_summary.csv
grouped_residual_irt_pca_quantile_g8_t025_rp100,200,0.7912739799229466,0.8221157921505468,0.436957235096703,0.1287885714200292,0.8860774732134709,0.8499712606249545,reports/model_improvement_fasttext/grouped_residual_irt_focus_pca_twopl_chunks/g8_t025_rp100/grouped_residual_irt_summary.csv
grouped_residual_irt_pca_quantile_g8_t035_rp100,200,0.7910964191448896,0.8220628125794693,0.4369856639919734,0.1288003687462244,0.8861653340305213,0.8984319506250529,reports/model_improvement_fasttext/grouped_residual_irt_focus_pca/grouped_residual_irt_summary.csv
grouped_residual_irt_pca_quantile_g8_t035_rp200,200,0.7910964191448896,0.8220628125794693,0.4369850905738762,0.1288001690648023,0.8861654140306003,0.9131141117499908,reports/model_improvement_fasttext/grouped_residual_irt_focus_pca/grouped_residual_irt_summary.csv
grouped_residual_irt_pca_quantile_g8_t030_rp100,200,0.7910960576206508,0.8220840044079003,0.4369630424241373,0.1287909340142413,0.8861107147595394,0.88310220943751,reports/model_improvement_fasttext/grouped_residual_irt_focus_pca/grouped_residual_irt_summary.csv
grouped_residual_irt_pca_quantile_g8_t030_rp200,200,0.7910960576206508,0.8220840044079003,0.4369624662620257,0.1287907349055271,0.8861108221988769,0.8798457600624943,reports/model_improvement_fasttext/grouped_residual_irt_focus_pca/grouped_residual_irt_summary.csv
grouped_residual_irt_pca_quantile_g8_t030_rp100,200,0.7910960576206508,0.8220840044079003,0.4369630424241373,0.1287909340142413,0.8861107147595394,0.8360356233124833,reports/model_improvement_fasttext/grouped_residual_irt_focus_pca_twopl_chunks/g8_t030_rp100/grouped_residual_irt_summary.csv
grouped_residual_irt_anchor_cosine_g16_t005_rp200,200,0.7905893296240147,0.8193608544545223,0.4379984061239901,0.1291136183199654,0.886791242757282,0.8981939546250146,reports/model_improvement_fasttext/grouped_residual_irt_focus_anchor/grouped_residual_irt_summary.csv
grouped_residual_irt_anchor_cosine_g16_t005_rp300,200,0.7905893296240147,0.8193608544545223,0.4379979706848675,0.1291134396835685,0.8867915027620075,0.9105625416249836,reports/model_improvement_fasttext/grouped_residual_irt_focus_anchor/grouped_residual_irt_summary.csv
grouped_residual_irt_anchor_cosine_g16_t005_rp100,200,0.7905718193243966,0.8193396626260914,0.4380002281375562,0.1291143625104057,0.8867901056741216,0.8776840858125183,reports/model_improvement_fasttext/grouped_residual_irt_focus_anchor/grouped_residual_irt_summary.csv
grouped_residual_irt_pca_quantile_g16_t030_rp200,200,0.7901240816106541,0.8204204458760702,0.4379714547877642,0.1291549869127993,0.8856868833914286,0.9675706578124732,reports/model_improvement_fasttext/grouped_residual_irt_focus_pca/grouped_residual_irt_summary.csv
grouped_residual_irt_pca_quantile_g16_t030_rp100,200,0.7901196032500923,0.8204151479189624,0.4379719140710177,0.129155133189228,0.8856867943525893,0.9106749074999811,reports/model_improvement_fasttext/grouped_residual_irt_focus_pca/grouped_residual_irt_summary.csv
grouped_residual_irt_pca_quantile_g16_t030_rp100,200,0.7901196032500923,0.8204151479189624,0.4379719140710177,0.129155133189228,0.8856867943525893,0.8283423238750061,reports/model_improvement_fasttext/grouped_residual_irt_focus_pca_twopl_chunks/g16_t030_rp100/grouped_residual_irt_summary.csv
grouped_residual_irt_pca_quantile_g16_t035_rp200,200,0.7900967122046958,0.8202138255488683,0.4379951197964323,0.1291604225644413,0.8857189904498957,0.9951895638749876,reports/model_improvement_fasttext/grouped_residual_irt_focus_pca/grouped_residual_irt_summary.csv
grouped_residual_irt_pca_quantile_g16_t035_rp100,200,0.7900868942807814,0.8202032296346529,0.4379955615445597,0.1291605646525042,0.8857190871744661,0.9609336305000512,reports/model_improvement_fasttext/grouped_residual_irt_focus_pca/grouped_residual_irt_summary.csv
grouped_residual_irt_pca_quantile_g16_t020_rp100,200,0.7898772827087144,0.8205793845893024,0.4379494503158468,0.1291556390323884,0.8856179571983899,0.9042994325624818,reports/model_improvement_fasttext/grouped_residual_irt_focus_pca/grouped_residual_irt_summary.csv
grouped_residual_irt_pca_quantile_g16_t020_rp200,200,0.7898763604886795,0.8205793845893024,0.4379489463992977,0.1291554804180829,0.8856186999323564,0.9095225581249906,reports/model_improvement_fasttext/grouped_residual_irt_focus_pca/grouped_residual_irt_summary.csv
grouped_residual_irt_pca_quantile_g16_t025_rp100,200,0.7898629503721438,0.8206005764177333,0.4379547837426734,0.1291531722872768,0.8856560054300932,0.9020109303124856,reports/model_improvement_fasttext/grouped_residual_irt_focus_pca/grouped_residual_irt_summary.csv
grouped_residual_irt_pca_quantile_g16_t025_rp100,200,0.7898629503721438,0.8206005764177333,0.4379547837426734,0.1291531722872768,0.8856560054300932,0.8330961286250158,reports/model_improvement_fasttext/grouped_residual_irt_focus_pca_twopl_chunks/g16_t025_rp100/grouped_residual_irt_summary.csv
grouped_residual_irt_pca_quantile_g16_t025_rp200,200,0.7898528458920856,0.820605874374841,0.437954305553782,0.1291530212769612,0.8856561666557903,0.9047994091250188,reports/model_improvement_fasttext/grouped_residual_irt_focus_pca/grouped_residual_irt_summary.csv
grouped_residual_irt_pca_quantile_g16_t025_rp200,200,0.7898528458920856,0.820605874374841,0.437954305553782,0.1291530212769612,0.8856561666557903,0.8283295823750336,reports/model_improvement_fasttext/grouped_residual_irt_focus_pca_twopl_chunks/g16_t025_rp200/grouped_residual_irt_summary.csv
grouped_residual_irt_pca_quantile_g8_t020_rp100,200,0.7896735501839531,0.8216071882682038,0.4369570158158568,0.1287892101335838,0.8860769611433528,0.8714411746249482,reports/model_improvement_fasttext/grouped_residual_irt_focus_pca/grouped_residual_irt_summary.csv
grouped_residual_irt_pca_quantile_g8_t020_rp200,200,0.7896735501839531,0.8216071882682038,0.4369564552604471,0.1287890205724043,0.8860770962928887,0.8787496213124939,reports/model_improvement_fasttext/grouped_residual_irt_focus_pca/grouped_residual_irt_summary.csv
grouped_residual_irt_anchor_cosine_g32_t005_rp300,200,0.7894806859567615,0.8175330592523523,0.4388740571416986,0.1294783234972854,0.8863847893266826,0.876281234312529,reports/model_improvement_fasttext/grouped_residual_irt_focus_anchor/grouped_residual_irt_summary.csv
grouped_residual_irt_anchor_cosine_g32_t005_rp200,200,0.7894795919247555,0.8175224633381368,0.438878399112289,0.1294800447002057,0.8863765038237434,0.8856408991874503,reports/model_improvement_fasttext/grouped_residual_irt_focus_anchor/grouped_residual_irt_summary.csv
grouped_residual_irt_anchor_cosine_g32_t005_rp100,200,0.7894741984784088,0.8175065694668135,0.4388869312748256,0.1294834426248378,0.8863578549029385,0.8721999606875102,reports/model_improvement_fasttext/grouped_residual_irt_focus_anchor/grouped_residual_irt_summary.csv
grouped_residual_irt_anchor_cosine_g16_t010_rp200,200,0.7894084841889822,0.8174323980673053,0.4386207291306165,0.1293691277267996,0.8870625135800344,0.908138623812448,reports/model_improvement_fasttext/grouped_residual_irt_focus_anchor/grouped_residual_irt_summary.csv
grouped_residual_irt_anchor_cosine_g16_t010_rp300,200,0.7894084841889822,0.8174323980673053,0.4386217562952029,0.129369485991826,0.8870615757860373,0.8721701735000238,reports/model_improvement_fasttext/grouped_residual_irt_focus_anchor/grouped_residual_irt_summary.csv
grouped_residual_irt_anchor_cosine_g16_t010_rp200,200,0.7894084841889822,0.8174323980673053,0.4386207291306165,0.1293691277267996,0.8870625135800344,1.0939654619999717,reports/model_improvement_fasttext/grouped_residual_irt_focus_anchor_twopl_ens/grouped_residual_irt_summary.csv
grouped_residual_irt_anchor_cosine_g16_t010_rp100,200,0.7894045007600465,0.8174271001101975,0.4386239655193892,0.1293704906373116,0.8870625956478878,0.9097260174375492,reports/model_improvement_fasttext/grouped_residual_irt_focus_anchor/grouped_residual_irt_summary.csv
grouped_residual_irt_anchor_cosine_g16_t010_rp100,200,0.7894045007600465,0.8174271001101975,0.4386239655193892,0.1293704906373116,0.8870625956478878,1.1464389410623426,reports/model_improvement_fasttext/grouped_residual_irt_focus_anchor_twopl_ens/grouped_residual_irt_summary.csv
grouped_residual_irt_anchor_cosine_g64_t005_rp100,200,0.7893521388972525,0.8172681613969653,0.4388723265091027,0.129471901086115,0.8868154738617854,0.8911250960001951,reports/model_improvement_fasttext/grouped_residual_irt_focus_anchor/grouped_residual_irt_summary.csv
grouped_residual_irt_anchor_cosine_g64_t005_rp200,200,0.7893493017939707,0.8172628634398575,0.4388632630711725,0.1294685866112505,0.8868408666196677,0.9273856921874142,reports/model_improvement_fasttext/grouped_residual_irt_focus_anchor/grouped_residual_irt_summary.csv
grouped_residual_irt_anchor_cosine_g64_t005_rp300,200,0.789342086370281,0.8172575654827499,0.4388580695680444,0.1294667277285716,0.8868554162884043,0.9450389948749488,reports/model_improvement_fasttext/grouped_residual_irt_focus_anchor/grouped_residual_irt_summary.csv
grouped_residual_irt_anchor_cosine_g16_t015_rp300,200,0.7892761154691177,0.8172363736543189,0.4387831683688521,0.1294361656157282,0.8871595326169258,0.8695681211874273,reports/model_improvement_fasttext/grouped_residual_irt_focus_anchor/grouped_residual_irt_summary.csv
grouped_residual_irt_anchor_cosine_g16_t015_rp200,200,0.7892675942104129,0.8172204797829957,0.4387908834499502,0.1294393109767403,0.8871584815728754,0.8702622290624333,reports/model_improvement_fasttext/grouped_residual_irt_focus_anchor/grouped_residual_irt_summary.csv
grouped_residual_irt_anchor_cosine_g16_t015_rp100,200,0.7892647084606472,0.8172045859116724,0.4388129391425997,0.1294481723916767,0.8871558975384004,0.8655681624374836,reports/model_improvement_fasttext/grouped_residual_irt_focus_anchor/grouped_residual_irt_summary.csv
grouped_residual_irt_anchor_cosine_g32_t015_rp200,200,0.7892239693055904,0.8171622022548105,0.4390350921584025,0.1295420810658331,0.8873377963148559,0.878367447937535,reports/model_improvement_fasttext/grouped_residual_irt_focus_anchor/grouped_residual_irt_summary.csv
grouped_residual_irt_anchor_cosine_g32_t015_rp300,200,0.7892239693055904,0.8171622022548105,0.4389868875065246,0.1295235619013977,0.8873629527655181,0.8753470467499938,reports/model_improvement_fasttext/grouped_residual_irt_focus_anchor/grouped_residual_irt_summary.csv
grouped_residual_irt_anchor_cosine_g64_t010_rp100,200,0.7892238406078181,0.8171569042977028,0.4391432777516935,0.12958028801159,0.887340379002745,0.9503066776249512,reports/model_improvement_fasttext/grouped_residual_irt_focus_anchor/grouped_residual_irt_summary.csv
grouped_residual_irt_anchor_cosine_g64_t010_rp200,200,0.7892238406078181,0.8171569042977028,0.4391069349576146,0.129566071325044,0.8874311002729008,0.908871400187536,reports/model_improvement_fasttext/grouped_residual_irt_focus_anchor/grouped_residual_irt_summary.csv
grouped_residual_irt_anchor_cosine_g64_t010_rp300,200,0.7892238406078181,0.8171569042977028,0.4390831159013149,0.1295568597755767,0.8874797301719245,0.919327996874955,reports/model_improvement_fasttext/grouped_residual_irt_focus_anchor/grouped_residual_irt_summary.csv
grouped_residual_irt_anchor_cosine_g64_t015_rp200,200,0.7892238406078181,0.8171569042977028,0.4392091463757164,0.1296068815961324,0.8874593886547915,0.948406791750017,reports/model_improvement_fasttext/grouped_residual_irt_focus_anchor/grouped_residual_irt_summary.csv
grouped_residual_irt_anchor_cosine_g64_t015_rp300,200,0.7892238406078181,0.8171569042977028,0.4391815786647011,0.1295960734774953,0.8875136008678046,0.9261309356874676,reports/model_improvement_fasttext/grouped_residual_irt_focus_anchor/grouped_residual_irt_summary.csv
grouped_residual_irt_anchor_cosine_g64_t010_rp100,200,0.7892238406078181,0.8171569042977028,0.4391432777516935,0.12958028801159,0.887340379002745,0.9960980478124952,reports/model_improvement_fasttext/grouped_residual_irt_focus_anchor_twopl_ens/grouped_residual_irt_summary.csv
grouped_residual_irt_anchor_cosine_g64_t010_rp200,200,0.7892238406078181,0.8171569042977028,0.4391069349576146,0.129566071325044,0.8874311002729008,1.1349661974375067,reports/model_improvement_fasttext/grouped_residual_irt_focus_anchor_twopl_ens/grouped_residual_irt_summary.csv
grouped_residual_irt_anchor_cosine_g32_t010_rp100,200,0.7892237059137327,0.8171622022548105,0.439032283123259,0.1295397347543889,0.887061907994071,0.8733889330625004,reports/model_improvement_fasttext/grouped_residual_irt_focus_anchor/grouped_residual_irt_summary.csv
grouped_residual_irt_anchor_cosine_g32_t010_rp200,200,0.7892226787520443,0.8171622022548105,0.4389750440278931,0.1295176036145341,0.8871434321036403,0.8745536529374363,reports/model_improvement_fasttext/grouped_residual_irt_focus_anchor/grouped_residual_irt_summary.csv
grouped_residual_irt_anchor_cosine_g32_t010_rp300,200,0.7892217565320094,0.8171622022548105,0.4389435444951772,0.1295054090754197,0.8871745887342762,0.8750529610625506,reports/model_improvement_fasttext/grouped_residual_irt_focus_anchor/grouped_residual_irt_summary.csv
grouped_residual_irt_anchor_cosine_g32_t015_rp100,200,0.7892208108257036,0.8171569042977028,0.439113949368812,0.1295723402919689,0.8872604482479776,0.8818927343750715,reports/model_improvement_fasttext/grouped_residual_irt_focus_anchor/grouped_residual_irt_summary.csv
grouped_residual_irt_anchor_cosine_g64_t015_rp100,200,0.7892166251841284,0.817151606340595,0.4392521761484845,0.1296238155298821,0.8873809078594981,0.915345406999876,reports/model_improvement_fasttext/grouped_residual_irt_focus_anchor/grouped_residual_irt_summary.csv
grouped_residual_irt_anchor_cosine_g64_t010_rp100,1000,0.7861301385416777,0.8400870692006911,0.4099319474922338,0.1189296175591393,0.899394979762571,1.4268144310624962,reports/model_improvement_fasttext/grouped_residual_irt_focus_anchor/grouped_residual_irt_summary.csv
grouped_residual_irt_anchor_cosine_g64_t010_rp100,1000,0.7861301385416777,0.8400870692006911,0.4099319474922338,0.1189296175591393,0.899394979762571,1.5040109285000651,reports/model_improvement_fasttext/grouped_residual_irt_focus_anchor_twopl_ens/grouped_residual_irt_summary.csv
grouped_residual_irt_anchor_cosine_g64_t015_rp300,1000,0.786117681579014,0.8402177866690916,0.4101122999553962,0.1189993812939302,0.8995327331479329,1.3967755834375168,reports/model_improvement_fasttext/grouped_residual_irt_focus_anchor/grouped_residual_irt_summary.csv
grouped_residual_irt_anchor_cosine_g64_t015_rp100,1000,0.7860706109074773,0.8400586523597344,0.4103473646278716,0.119090387142414,0.8994022912949841,1.3891847531874078,reports/model_improvement_fasttext/grouped_residual_irt_focus_anchor/grouped_residual_irt_summary.csv
grouped_residual_irt_anchor_cosine_g64_t015_rp200,1000,0.786032372004805,0.8401041193052651,0.41020033999147,0.1190334320349209,0.8994826805876415,1.4214616474999957,reports/model_improvement_fasttext/grouped_residual_irt_focus_anchor/grouped_residual_irt_summary.csv
grouped_residual_irt_anchor_cosine_g64_t010_rp200,1000,0.7859209203725943,0.8400586523597344,0.409822317390783,0.1188875753739438,0.899471969261094,1.3680810539375443,reports/model_improvement_fasttext/grouped_residual_irt_focus_anchor/grouped_residual_irt_summary.csv
grouped_residual_irt_anchor_cosine_g64_t010_rp200,1000,0.7859209203725943,0.8400586523597344,0.409822317390783,0.1188875753739438,0.899471969261094,1.7442247934375814,reports/model_improvement_fasttext/grouped_residual_irt_focus_anchor_twopl_ens/grouped_residual_irt_summary.csv
grouped_residual_irt_anchor_cosine_g64_t010_rp300,1000,0.7856914497814773,0.8399904519414386,0.4097561975071026,0.1188622326402787,0.8995150707525966,1.3893177118125095,reports/model_improvement_fasttext/grouped_residual_irt_focus_anchor/grouped_residual_irt_summary.csv
grouped_residual_irt_anchor_cosine_g64_t005_rp100,1000,0.7856324737556672,0.8400757024643084,0.4090470823352768,0.1185897628546898,0.899263689245636,1.3413395458125308,reports/model_improvement_fasttext/grouped_residual_irt_focus_anchor/grouped_residual_irt_summary.csv
grouped_residual_irt_pca_quantile_g8_t035_rp100,1000,0.7855501738152256,0.8406213058106756,0.4084107775002066,0.1184944980858539,0.898751787778625,1.3486427978125732,reports/model_improvement_fasttext/grouped_residual_irt_focus_pca/grouped_residual_irt_summary.csv
grouped_residual_irt_pca_quantile_g8_t035_rp200,1000,0.7855501738152256,0.8406213058106756,0.4084104177980387,0.1184944188764988,0.8987510364110214,1.366073232937481,reports/model_improvement_fasttext/grouped_residual_irt_focus_pca/grouped_residual_irt_summary.csv
grouped_residual_irt_anchor_cosine_g64_t005_rp200,1000,0.7854845956602419,0.8400359188869692,0.409027656508087,0.1185825146171734,0.8992883175418617,1.3900239737499476,reports/model_improvement_fasttext/grouped_residual_irt_focus_anchor/grouped_residual_irt_summary.csv
grouped_residual_irt_anchor_cosine_g64_t005_rp300,1000,0.7853731393592951,0.8399961353096299,0.4090160353456347,0.1185782112748036,0.8993045346840577,1.428116501374916,reports/model_improvement_fasttext/grouped_residual_irt_focus_anchor/grouped_residual_irt_summary.csv
grouped_residual_irt_anchor_cosine_g16_t005_rp300,1000,0.7852355963649683,0.8407747567518414,0.4081962001940236,0.1182863687059369,0.8990774530070268,1.3692079564999915,reports/model_improvement_fasttext/grouped_residual_irt_focus_anchor/grouped_residual_irt_summary.csv
grouped_residual_irt_anchor_cosine_g16_t005_rp100,1000,0.7852312540962911,0.8407804401200327,0.4081977415593887,0.1182869818282807,0.8990752542644975,1.3200458178125132,reports/model_improvement_fasttext/grouped_residual_irt_focus_anchor/grouped_residual_irt_summary.csv
grouped_residual_irt_anchor_cosine_g16_t005_rp200,1000,0.7852302227589111,0.8407804401200327,0.4081963808602931,0.118286444482501,0.8990771922672619,1.3463586128749512,reports/model_improvement_fasttext/grouped_residual_irt_focus_anchor/grouped_residual_irt_summary.csv
grouped_residual_irt_anchor_cosine_g32_t015_rp100,1000,0.7850913129715813,0.8399677184686732,0.4098792118018617,0.118921128142919,0.8993629422681686,1.324627865312607,reports/model_improvement_fasttext/grouped_residual_irt_focus_anchor/grouped_residual_irt_summary.csv
grouped_residual_irt_anchor_cosine_g32_t015_rp200,1000,0.785004807045819,0.8400359188869692,0.4096351927353194,0.1188299608357114,0.8994310900751085,1.318226808562514,reports/model_improvement_fasttext/grouped_residual_irt_focus_anchor/grouped_residual_irt_summary.csv
grouped_residual_irt_anchor_cosine_g32_t015_rp300,1000,0.7848819807925775,0.8399847685732472,0.409498500614991,0.1187789580511311,0.8994633817926662,1.3145959446874542,reports/model_improvement_fasttext/grouped_residual_irt_focus_anchor/grouped_residual_irt_summary.csv
grouped_residual_irt_anchor_cosine_g32_t010_rp100,1000,0.7848525410912596,0.8400586523597344,0.4096216388764044,0.1188229119355083,0.8992910330011433,1.311199853625027,reports/model_improvement_fasttext/grouped_residual_irt_focus_anchor/grouped_residual_irt_summary.csv
grouped_residual_irt_anchor_cosine_g32_t010_rp300,1000,0.7847720434978412,0.8401495862507957,0.4093853241323559,0.1187349697201698,0.8994017970270614,1.3138990166874862,reports/model_improvement_fasttext/grouped_residual_irt_focus_anchor/grouped_residual_irt_summary.csv
grouped_residual_irt_pca_quantile_g16_t025_rp100,1000,0.7847357338463941,0.8401325361462217,0.4087450890404346,0.1185898829476258,0.8983679789127681,1.3536941080624558,reports/model_improvement_fasttext/grouped_residual_irt_focus_pca/grouped_residual_irt_summary.csv
grouped_residual_irt_pca_quantile_g16_t025_rp200,1000,0.7847357338463941,0.8401325361462217,0.4087445523773566,0.1185897483798338,0.8983678393670262,1.3568266645625329,reports/model_improvement_fasttext/grouped_residual_irt_focus_pca/grouped_residual_irt_summary.csv
grouped_residual_irt_pca_quantile_g16_t025_rp100,1000,0.7847357338463941,0.8401325361462217,0.4087450890404346,0.1185898829476258,0.8983679789127681,1.2525246469999445,reports/model_improvement_fasttext/grouped_residual_irt_focus_pca_twopl_chunks/g16_t025_rp100/grouped_residual_irt_summary.csv
grouped_residual_irt_pca_quantile_g16_t025_rp200,1000,0.7847357338463941,0.8401325361462217,0.4087445523773566,0.1185897483798338,0.8983678393670262,1.243519040624932,reports/model_improvement_fasttext/grouped_residual_irt_focus_pca_twopl_chunks/g16_t025_rp200/grouped_residual_irt_summary.csv
grouped_residual_irt_anchor_cosine_g32_t010_rp200,1000,0.7847148880812117,0.8400586523597344,0.4094650009057934,0.1187646149192943,0.899365283680913,1.3142000093124864,reports/model_improvement_fasttext/grouped_residual_irt_focus_anchor/grouped_residual_irt_summary.csv
grouped_residual_irt_pca_quantile_g8_t020_rp200,1000,0.7844111232084712,0.840365554242066,0.4086611930804428,0.1185893345749194,0.8985347525237133,1.3208384363750554,reports/model_improvement_fasttext/grouped_residual_irt_focus_pca/grouped_residual_irt_summary.csv
grouped_residual_irt_pca_quantile_g8_t020_rp100,1000,0.7844063051387826,0.8403598708738746,0.4086614948443277,0.1185893910919491,0.8985343918186178,1.307005330937443,reports/model_improvement_fasttext/grouped_residual_irt_focus_pca/grouped_residual_irt_summary.csv
grouped_residual_irt_pca_quantile_g8_t025_rp100,1000,0.7843671333031301,0.8404735382377012,0.4085799029517006,0.1185607302097622,0.8986417374986693,1.3488053186249829,reports/model_improvement_fasttext/grouped_residual_irt_focus_pca/grouped_residual_irt_summary.csv
grouped_residual_irt_pca_quantile_g8_t025_rp200,1000,0.7843671333031301,0.8404735382377012,0.4085795856743822,0.1185606679154969,0.8986421397189875,1.3387322498750225,reports/model_improvement_fasttext/grouped_residual_irt_focus_pca/grouped_residual_irt_summary.csv
grouped_residual_irt_pca_quantile_g8_t025_rp100,1000,0.7843671333031301,0.8404735382377012,0.4085799029517006,0.1185607302097622,0.8986417374986693,1.278965496812475,reports/model_improvement_fasttext/grouped_residual_irt_focus_pca_twopl_chunks/g8_t025_rp100/grouped_residual_irt_summary.csv
grouped_residual_irt_pca_quantile_g8_t025_rp200,1000,0.7843671333031301,0.8404735382377012,0.4085795856743822,0.1185606679154969,0.8986421397189875,1.238053638499963,reports/model_improvement_fasttext/grouped_residual_irt_focus_pca_twopl_chunks/g8_t025_rp200/grouped_residual_irt_summary.csv
grouped_residual_irt_pca_quantile_g16_t030_rp200,1000,0.7842723809759966,0.8400359188869692,0.4087114342351963,0.1185707736523815,0.8984446540061446,1.4585338608750362,reports/model_improvement_fasttext/grouped_residual_irt_focus_pca/grouped_residual_irt_summary.csv
grouped_residual_irt_pca_quantile_g16_t030_rp100,1000,0.7842573207350327,0.8400302355187779,0.4087119889081722,0.1185709175901318,0.8984447340988897,1.3649747613750094,reports/model_improvement_fasttext/grouped_residual_irt_focus_pca/grouped_residual_irt_summary.csv
grouped_residual_irt_pca_quantile_g16_t030_rp100,1000,0.7842573207350327,0.8400302355187779,0.4087119889081722,0.1185709175901318,0.8984447340988897,1.244095693250074,reports/model_improvement_fasttext/grouped_residual_irt_focus_pca_twopl_chunks/g16_t030_rp100/grouped_residual_irt_summary.csv
grouped_residual_irt_pca_quantile_g16_t020_rp100,1000,0.7839397334496354,0.8401439028826043,0.4087786653098526,0.1186067493841117,0.8983214368639203,1.3606261739375043,reports/model_improvement_fasttext/grouped_residual_irt_focus_pca/grouped_residual_irt_summary.csv
grouped_residual_irt_pca_quantile_g16_t020_rp200,1000,0.7839306233250518,0.8401439028826043,0.4087781311561165,0.1186066177088568,0.8983214121982612,1.3644843961250217,reports/model_improvement_fasttext/grouped_residual_irt_focus_pca/grouped_residual_irt_summary.csv
grouped_residual_irt_pca_quantile_g8_t030_rp100,1000,0.7839273697782067,0.8403712376102573,0.4084901254216402,0.1185268883538216,0.8987005384966986,1.325916736375035,reports/model_improvement_fasttext/grouped_residual_irt_focus_pca/grouped_residual_irt_summary.csv
grouped_residual_irt_pca_quantile_g8_t030_rp200,1000,0.7839273697782067,0.8403712376102573,0.4084897884500756,0.1185268184568657,0.898700514087629,1.3196308707499895,reports/model_improvement_fasttext/grouped_residual_irt_focus_pca/grouped_residual_irt_summary.csv
grouped_residual_irt_pca_quantile_g8_t030_rp100,1000,0.7839273697782067,0.8403712376102573,0.4084901254216402,0.1185268883538216,0.8987005384966986,1.2562361691874455,reports/model_improvement_fasttext/grouped_residual_irt_focus_pca_twopl_chunks/g8_t030_rp100/grouped_residual_irt_summary.csv
grouped_residual_irt_anchor_cosine_g16_t010_rp300,1000,0.7838947023192548,0.8405815222333364,0.4089765858689514,0.1185755121813835,0.8989057628125977,1.309192561687496,reports/model_improvement_fasttext/grouped_residual_irt_focus_anchor/grouped_residual_irt_summary.csv
grouped_residual_irt_anchor_cosine_g16_t010_rp200,1000,0.7838423071950367,0.8405246885514231,0.4089733724840468,0.1185742372262465,0.8989080195901153,1.3638870798124572,reports/model_improvement_fasttext/grouped_residual_irt_focus_anchor/grouped_residual_irt_summary.csv
grouped_residual_irt_anchor_cosine_g16_t010_rp200,1000,0.7838423071950367,0.8405246885514231,0.4089733724840468,0.1185742372262465,0.8989080195901153,1.6661104788124703,reports/model_improvement_fasttext/grouped_residual_irt_focus_anchor_twopl_ens/grouped_residual_irt_summary.csv
grouped_residual_irt_pca_quantile_g16_t035_rp100,1000,0.78382748988166,0.8398711012094208,0.4086825160925753,0.1185517356414633,0.898518863902512,1.4600860909375228,reports/model_improvement_fasttext/grouped_residual_irt_focus_pca/grouped_residual_irt_summary.csv
grouped_residual_irt_pca_quantile_g16_t035_rp200,1000,0.7838205623711302,0.8398654178412294,0.4086819346647481,0.1185515775345201,0.8985193577778652,1.5093642243749912,reports/model_improvement_fasttext/grouped_residual_irt_focus_pca/grouped_residual_irt_summary.csv
grouped_residual_irt_anchor_cosine_g16_t010_rp100,1000,0.7838020085880357,0.8405076384468492,0.4089770090158954,0.1185753567927049,0.8989091867547352,1.36786368500006,reports/model_improvement_fasttext/grouped_residual_irt_focus_anchor/grouped_residual_irt_summary.csv
grouped_residual_irt_anchor_cosine_g16_t010_rp100,1000,0.7838020085880357,0.8405076384468492,0.4089770090158954,0.1185753567927049,0.8989091867547352,1.7283808853748042,reports/model_improvement_fasttext/grouped_residual_irt_focus_anchor_twopl_ens/grouped_residual_irt_summary.csv
grouped_residual_irt_anchor_cosine_g32_t005_rp300,1000,0.7835425324287788,0.839944984995908,0.4091949823876059,0.1186646838893167,0.8988314956079071,1.3143343503750202,reports/model_improvement_fasttext/grouped_residual_irt_focus_anchor/grouped_residual_irt_summary.csv
grouped_residual_irt_anchor_cosine_g16_t015_rp300,1000,0.7834908423317766,0.840416704555788,0.4092982632523894,0.1186992067853855,0.8988635188500362,1.3049502210000128,reports/model_improvement_fasttext/grouped_residual_irt_focus_anchor/grouped_residual_irt_summary.csv
grouped_residual_irt_anchor_cosine_g16_t015_rp200,1000,0.7834782022468085,0.8404110211875966,0.4093133676549757,0.1187048113971816,0.8988590494691564,1.3054107056874784,reports/model_improvement_fasttext/grouped_residual_irt_focus_anchor/grouped_residual_irt_summary.csv
grouped_residual_irt_anchor_cosine_g16_t015_rp100,1000,0.7834765099090308,0.8403598708738746,0.4093572434999755,0.1187208909439629,0.8988479306104371,1.2984186733750391,reports/model_improvement_fasttext/grouped_residual_irt_focus_anchor/grouped_residual_irt_summary.csv
grouped_residual_irt_anchor_cosine_g32_t005_rp200,1000,0.7834668399592295,0.8399052014185687,0.4092071312049921,0.1186692476432909,0.8988159072133772,1.3313330355624655,reports/model_improvement_fasttext/grouped_residual_irt_focus_anchor/grouped_residual_irt_summary.csv
grouped_residual_irt_anchor_cosine_g32_t005_rp100,1000,0.7834655521191181,0.8399165681549513,0.4092309310468697,0.1186781746025076,0.8987841838871858,1.3091704116875178,reports/model_improvement_fasttext/grouped_residual_irt_focus_anchor/grouped_residual_irt_summary.csv
