estimator,q,balanced_accuracy,accuracy,nll,brier,auroc,runtime_seconds,source,source_path
twopl_irt_online_baseline,1000,0.8007543575905136,0.8392288806038011,0.4168768319472197,0.1188887045718729,0.8966877806169006,0.4522381829997357,grouped_residual_irt_q1000_bias_anchor_g16,
grouped_residual_irt_anchor_cosine_g64_t010_rp100_twopl_hybrid_w50_50_bm060,1000,0.797931035356224,0.8396153496408111,0.4123043317383764,0.118901081458038,0.8993938652098299,0.4714211235624361,grouped_residual_irt_q1000_bias_anchor_g64,
grouped_residual_irt_anchor_cosine_g16_t010_rp200_twopl_hybrid_w50_50_bm060,1000,0.7979153720881969,0.8400529689915431,0.4117634404337243,0.1187008104615878,0.8988328392539214,0.4598243206875168,grouped_residual_irt_q1000_bias_anchor_g16,
grouped_residual_irt_pca_quantile_g16_t025_rp200_twopl_hybrid_w50_50_bm060,1000,0.7974197658970769,0.8394959989087933,0.41140253275875,0.1186069025686203,0.8983294166356326,0.4421965289375293,grouped_residual_irt_q1000_bias_pca_g16,
grouped_residual_irt_anchor_cosine_g16_t010_rp200_twopl_hybrid_w55_45_bm060,1000,0.7973378722603821,0.8400245521505865,0.4114218342531724,0.1186894484066664,0.8988338461414611,0.4721921780626417,grouped_residual_irt_q1000_bias_anchor_g16,
grouped_residual_irt_anchor_cosine_g16_t010_rp200_twopl_hybrid_w60_40_bm060,1000,0.7967951729338983,0.8400245521505865,0.4111047217131368,0.11868086681553,0.8988352240429511,0.4645480495624952,grouped_residual_irt_q1000_bias_anchor_g16,
grouped_residual_irt_anchor_cosine_g64_t010_rp100_twopl_hybrid_w55_45_bm060,1000,0.7965205827638211,0.8394959989087933,0.4120082051296146,0.1189067068051057,0.8993938652098299,0.4467012718750993,grouped_residual_irt_q1000_bias_anchor_g64,
grouped_residual_irt_anchor_cosine_g16_t010_rp200_twopl_hybrid_w65_35_bm060,1000,0.7962299455330327,0.8399961353096299,0.4108076692539975,0.1186750677298751,0.8988382988766371,0.4591068628750463,grouped_residual_irt_q1000_bias_anchor_g16,
grouped_residual_irt_pca_quantile_g16_t025_rp200_twopl_hybrid_w50_50_bm030,1000,0.7961805690620897,0.8396380831135765,0.4112207278270843,0.118524266508525,0.8983294104097113,0.4412024441876383,grouped_residual_irt_q1000_bias_pca_g16,
grouped_residual_irt_pca_quantile_g16_t025_rp200_twopl_hybrid_w55_45_bm030,1000,0.7958892059448728,0.8397290170046376,0.4108700453665128,0.1185135879086994,0.8983345984452787,0.5000934385623168,grouped_residual_irt_q1000_bias_pca_g16,
grouped_residual_irt_anchor_cosine_g16_t010_rp200_twopl_hybrid_w50_50_bm030,1000,0.7956852442208313,0.8400131854142039,0.4115900485285661,0.1186218845068445,0.8988328392539214,0.4542358904379853,grouped_residual_irt_q1000_bias_anchor_g16,
grouped_residual_irt_pca_quantile_g16_t025_rp200_twopl_hybrid_w50_50,1000,0.7955494063759755,0.839717650268255,0.4111583468346559,0.1184923669086859,0.8983292639946501,0.4394624571251597,grouped_residual_irt_q1000_bias_pca_g16,
grouped_residual_irt_pca_quantile_g16_t025_rp200_twopl_hybrid_w55_45,1000,0.7954613124476753,0.8398654178412294,0.4108034342090507,0.1184798876803818,0.8983342616409765,0.4513832315624313,grouped_residual_irt_q1000_bias_pca_g16,
grouped_residual_irt_anchor_cosine_g64_t010_rp100_twopl_hybrid_w60_40_bm060,1000,0.7954024439496608,0.8393027643902883,0.4117352126981638,0.1189145619556604,0.8993938652098299,0.4602568959999189,grouped_residual_irt_q1000_bias_anchor_g64,
grouped_residual_irt_pca_quantile_g16_t025_rp200_twopl_hybrid_w60_40,1000,0.7951993832722029,0.8402575702464308,0.4104779223318383,0.1184723452015926,0.89835860701925,0.4804448415624165,grouped_residual_irt_q1000_bias_pca_g16,
grouped_residual_irt_pca_quantile_g16_t025_rp100_twopl_hybrid_w60_40,1000,0.7951943437624465,0.8402518868782395,0.4104784587981296,0.1184725195820298,0.8983580310553193,1.2720489340625818,grouped_residual_irt_focus_round2,reports/model_improvement_fasttext/grouped_residual_irt_focus_pca_twopl_chunks/g16_t025_rp100/grouped_residual_irt_summary.csv
grouped_residual_irt_pca_quantile_g16_t030_rp100_twopl_hybrid_w60_40,1000,0.7951609375379463,0.8402234700372828,0.4104720938208388,0.1184667778498055,0.8983971749650106,1.2632799456875148,grouped_residual_irt_focus_round2,reports/model_improvement_fasttext/grouped_residual_irt_focus_pca_twopl_chunks/g16_t030_rp100/grouped_residual_irt_summary.csv
grouped_residual_irt_anchor_cosine_g16_t010_rp200_twopl_hybrid_w55_45_bm030,1000,0.7951607321278442,0.8400472856233518,0.4112447856372248,0.1186089219045743,0.8988338461414611,0.4699129464999032,grouped_residual_irt_q1000_bias_anchor_g16,
grouped_residual_irt_anchor_cosine_g64_t010_rp100_twopl_hybrid_w65_35_bm060,1000,0.7949419266000923,0.839245930708375,0.4114809285382017,0.1189246494043755,0.8993938652098299,0.453483711812396,grouped_residual_irt_q1000_bias_anchor_g64,
grouped_residual_irt_anchor_cosine_g64_t010_rp100_twopl_hybrid_w50_50_bm030,1000,0.794893540172619,0.839473265436028,0.4121362905652754,0.1188245462316267,0.8993938652098299,0.4728003390625872,grouped_residual_irt_q1000_bias_anchor_g64,
grouped_residual_irt_pca_quantile_g16_t025_rp200_twopl_hybrid_w65_35,1000,0.7947237708810275,0.8401666363553696,0.4101772771370487,0.1184697412738603,0.8983666363144523,0.4342867556875944,grouped_residual_irt_q1000_bias_pca_g16,
grouped_residual_irt_anchor_cosine_g64_t010_rp100_twopl_hybrid_w55_45_bm030,1000,0.7946173232626369,0.8395869327998545,0.4118370382209149,0.1188288257042382,0.8993938652098299,0.4517673814378895,grouped_residual_irt_q1000_bias_anchor_g64,
grouped_residual_irt_anchor_cosine_g16_t010_rp200_twopl_hybrid_w60_40_bm030,1000,0.7944527626638392,0.8402007365645175,0.4109240206427283,0.1185987276398543,0.8988352240429511,0.4750784524376286,grouped_residual_irt_q1000_bias_anchor_g16,
grouped_residual_irt_pca_quantile_g16_t025_rp200_twopl_hybrid_w50_50_bp030,1000,0.7943230495492382,0.8396096662726198,0.411215310643644,0.1185111409027903,0.898329458894316,0.443159620250185,grouped_residual_irt_q1000_bias_pca_g16,
grouped_residual_irt_pca_quantile_g8_t030_rp100_twopl_hybrid_w60_40,1000,0.7942944714538867,0.8404564881331272,0.4102326642461861,0.1183908858387594,0.898593895674653,1.2697653276875087,grouped_residual_irt_focus_round2,reports/model_improvement_fasttext/grouped_residual_irt_focus_pca_twopl_chunks/g8_t030_rp100/grouped_residual_irt_summary.csv
grouped_residual_irt_pca_quantile_g16_t025_rp200_twopl_hybrid_w55_45_bp030,1000,0.7941925204585343,0.8395926161680458,0.4108564206365238,0.1184970635115002,0.8983347865226703,0.4409831672500104,grouped_residual_irt_q1000_bias_pca_g16,
grouped_residual_irt_pca_quantile_g16_t025_rp200_twopl_hybrid_w60_40_bm030,1000,0.7939560977183229,0.8398313176320815,0.4105487609213717,0.1185078659014587,0.8983585774556774,0.4689757753126287,grouped_residual_irt_q1000_bias_pca_g16,
grouped_residual_irt_pca_quantile_g16_t025_rp200_twopl_hybrid_w60_40_bp030,1000,0.7937522039757825,0.8395755660634718,0.4105269296594254,0.1184878987379946,0.8983586329134537,0.4921380393125218,grouped_residual_irt_q1000_bias_pca_g16,
grouped_residual_irt_pca_quantile_g16_t025_rp200_twopl_hybrid_w65_35_bp030,1000,0.7935565257307939,0.8399222515231427,0.4102223016581054,0.1184836486273604,0.8983667741748029,0.4351466871250977,grouped_residual_irt_q1000_bias_pca_g16,
grouped_residual_irt_pca_quantile_g8_t025_rp100_twopl_hybrid_w60_40,1000,0.7935484047909109,0.8398597344730381,0.4102811868200535,0.118407991824258,0.8985480222256403,1.2613215893124448,grouped_residual_irt_focus_round2,reports/model_improvement_fasttext/grouped_residual_irt_focus_pca_twopl_chunks/g8_t025_rp100/grouped_residual_irt_summary.csv
grouped_residual_irt_pca_quantile_g8_t025_rp200_twopl_hybrid_w60_40,1000,0.7935484047909109,0.8398597344730381,0.4102808559464554,0.1184078959475272,0.8985480696114001,1.2575699248750425,grouped_residual_irt_focus_round2,reports/model_improvement_fasttext/grouped_residual_irt_focus_pca_twopl_chunks/g8_t025_rp200/grouped_residual_irt_summary.csv
grouped_residual_irt_anchor_cosine_g64_t010_rp100_twopl_hybrid_w60_40_bm030,1000,0.7935106660974798,0.839666499954533,0.4115609235661149,0.1188353246619964,0.8993938652098299,0.4553657423747381,grouped_residual_irt_q1000_bias_anchor_g64,
grouped_residual_irt_anchor_cosine_g16_t010_rp200_twopl_hybrid_w65_35_bm030,1000,0.7934531652953393,0.8401041193052651,0.4106233179322325,0.1185913036307039,0.8988382988766371,0.4612816739373784,grouped_residual_irt_q1000_bias_anchor_g16,
grouped_residual_irt_pca_quantile_g16_t025_rp200_twopl_hybrid_w55_45_bm060,1000,0.793189145425214,0.8394505319632627,0.4110563320320021,0.1185982253431979,0.8983342317517166,0.4837444603750782,grouped_residual_irt_q1000_bias_pca_g16,
grouped_residual_irt_anchor_cosine_g16_t010_rp200_twopl_hybrid_w50_50,1000,0.7926115285870684,0.839245930708375,0.4115361541303944,0.1185937332088472,0.8988328392539214,0.4408732534375303,grouped_residual_irt_q1000_bias_anchor_g16,
grouped_residual_irt_pca_quantile_g16_t025_rp200_twopl_hybrid_w50_50_bp060,1000,0.7925463127446666,0.8393823315449668,0.4113915254577582,0.1185805005919948,0.8983293853781638,0.4390611628123224,grouped_residual_irt_q1000_bias_pca_g16,
grouped_residual_irt_pca_quantile_g16_t025_rp200_twopl_hybrid_w55_45_bp060,1000,0.7923476287799958,0.8395528325907066,0.4110289119520598,0.1185650290079274,0.8983345396657213,0.4465691778126484,grouped_residual_irt_q1000_bias_pca_g16,
grouped_residual_irt_pca_quantile_g16_t025_rp200_twopl_hybrid_w65_35_bm030,1000,0.791884179843653,0.8396551332181504,0.410252342445537,0.1185071019751456,0.8983667153788136,0.4433049441875027,grouped_residual_irt_q1000_bias_pca_g16,
grouped_residual_irt_anchor_cosine_g16_t010_rp200_twopl_hybrid_w55_45,1000,0.7918686979052735,0.8395471492225153,0.4111875043211065,0.1185793872033889,0.8988338461414611,0.4705404608124581,grouped_residual_irt_q1000_bias_anchor_g16,
grouped_residual_irt_anchor_cosine_g64_t010_rp100_twopl_hybrid_w65_35_bm030,1000,0.791829970831262,0.839717650268255,0.4113035186414223,0.1188440452216928,0.8993938652098299,0.4532023818749167,grouped_residual_irt_q1000_bias_anchor_g64,
grouped_residual_irt_anchor_cosine_g16_t010_rp200_twopl_hybrid_w55_45_bp030,1000,0.7916964954443493,0.8389674456670001,0.4112499065864234,0.1186007753915602,0.8988338461414611,0.4748978231252749,grouped_residual_irt_q1000_bias_anchor_g16,
grouped_residual_irt_anchor_cosine_g16_t010_rp200_twopl_hybrid_w50_50_bp030,1000,0.7916837291344272,0.8388594616713649,0.4116016728917123,0.1186162868029198,0.8988328392539214,0.4424472272499997,grouped_residual_irt_q1000_bias_anchor_g16,
grouped_residual_irt_anchor_cosine_g16_t010_rp200_twopl_hybrid_w60_40_bp030,1000,0.7915805814097239,0.8390981631354005,0.4109226391890224,0.118588002440737,0.8988352240429511,0.4675789030621899,grouped_residual_irt_q1000_bias_anchor_g16,
grouped_residual_irt_pca_quantile_g16_t025_rp200_twopl_hybrid_w60_40_bp060,1000,0.7914974809426204,0.8395016822769846,0.4106956913379782,0.1185544416959035,0.8983586010618808,0.4826247361248761,grouped_residual_irt_q1000_bias_pca_g16,
grouped_residual_irt_pca_quantile_g16_t030_rp100_twopl_hybrid_w70_30,1000,0.7914572207274462,0.840189369828135,0.4098935819357789,0.1184639063509985,0.89842401038628,1.259174680374997,grouped_residual_irt_focus_round2,reports/model_improvement_fasttext/grouped_residual_irt_focus_pca_twopl_chunks/g16_t030_rp100/grouped_residual_irt_summary.csv
grouped_residual_irt_anchor_cosine_g16_t010_rp200_twopl_hybrid_w65_35_bp030,1000,0.7914308786635056,0.8393084477584796,0.4106154310766495,0.1185779695294566,0.8988382988766371,0.461465437062543,grouped_residual_irt_q1000_bias_anchor_g16,
grouped_residual_irt_anchor_cosine_g64_t010_rp100_twopl_hybrid_w55_45_bp030,1000,0.7913880706913243,0.8387685277803038,0.4118540350789763,0.118825842371535,0.8993938652098299,0.4663710500628895,grouped_residual_irt_q1000_bias_anchor_g64,
grouped_residual_irt_anchor_cosine_g64_t010_rp100_twopl_hybrid_w50_50_bp030,1000,0.791387207166951,0.8386491770482859,0.4121587112198237,0.1188236056570508,0.8993938652098299,0.4588911803748488,grouped_residual_irt_q1000_bias_anchor_g64,
grouped_residual_irt_anchor_cosine_g16_t010_rp200_twopl_hybrid_w60_40,1000,0.7913565281987511,0.839666499954533,0.4108633537705213,0.1185677954802453,0.8988352240429511,1.681200136124971,grouped_residual_irt_focus_round2,reports/model_improvement_fasttext/grouped_residual_irt_focus_anchor_twopl_ens/grouped_residual_irt_summary.csv
grouped_residual_irt_anchor_cosine_g16_t010_rp100_twopl_hybrid_w60_40,1000,0.7913434289345358,0.8396608165863417,0.410865989842231,0.1185686265633652,0.898836542269306,1.9295044751874,grouped_residual_irt_focus_round2,reports/model_improvement_fasttext/grouped_residual_irt_focus_anchor_twopl_ens/grouped_residual_irt_summary.csv
grouped_residual_irt_anchor_cosine_g64_t010_rp100_twopl_hybrid_w60_40_bp030,1000,0.7912667709963048,0.8388935618805129,0.4115724976368494,0.1188302741236135,0.8993938652098299,0.4534904829374682,grouped_residual_irt_q1000_bias_anchor_g64,
grouped_residual_irt_anchor_cosine_g64_t010_rp100_twopl_hybrid_w65_35_bp030,1000,0.7912600233263646,0.8392061471310357,0.4113096669227558,0.1188369022152902,0.8993938652098299,0.4500021143124968,grouped_residual_irt_q1000_bias_anchor_g64,
grouped_residual_irt_anchor_cosine_g64_t010_rp200_twopl_hybrid_w60_40,1000,0.7911303621922549,0.8397062835318724,0.4114370918179017,0.1187810390978509,0.8994700371885971,1.6966558713750717,grouped_residual_irt_focus_round2,reports/model_improvement_fasttext/grouped_residual_irt_focus_anchor_twopl_ens/grouped_residual_irt_summary.csv
grouped_residual_irt_anchor_cosine_g64_t010_rp100_twopl_hybrid_w50_50,1000,0.7910994525310613,0.8393084477584796,0.4120877795838861,0.1187987454563921,0.8993938652098299,0.5396828061246879,grouped_residual_irt_q1000_bias_anchor_g64,
grouped_residual_irt_anchor_cosine_g64_t010_rp100_twopl_hybrid_w55_45,1000,0.7910964161050136,0.8395471492225153,0.4117856773050374,0.1188018952508736,0.8993938652098299,0.4521882208124452,grouped_residual_irt_q1000_bias_anchor_g64,
grouped_residual_irt_anchor_cosine_g64_t010_rp100_twopl_hybrid_w60_40,1000,0.7910879969512964,0.8397119669000637,0.411506713827062,0.1188072528915329,0.8993938652098299,1.7877968264375,grouped_residual_irt_focus_round2,reports/model_improvement_fasttext/grouped_residual_irt_focus_anchor_twopl_ens/grouped_residual_irt_summary.csv
grouped_residual_irt_anchor_cosine_g16_t010_rp200_twopl_hybrid_w65_35,1000,0.7910384650590647,0.8397915340547422,0.4105592660068575,0.1185589599232592,0.8988382988766371,0.4627061555625005,grouped_residual_irt_q1000_bias_anchor_g16,
grouped_residual_irt_anchor_cosine_g64_t010_rp200_twopl_hybrid_w70_30,1000,0.7910286227179354,0.8398881513139947,0.4109280721821342,0.1187943000348283,0.8994700839497828,1.6360966767501282,grouped_residual_irt_focus_round2,reports/model_improvement_fasttext/grouped_residual_irt_focus_anchor_twopl_ens/grouped_residual_irt_summary.csv
grouped_residual_irt_anchor_cosine_g64_t010_rp100_twopl_hybrid_w65_35,1000,0.7910250703539067,0.8397858506865509,0.4112464603421158,0.1188148202189854,0.8993938652098299,0.4469252999999753,grouped_residual_irt_q1000_bias_anchor_g64,
grouped_residual_irt_anchor_cosine_g64_t010_rp200_twopl_hybrid_w80_20,1000,0.7909793332437909,0.8400131854142039,0.4104948071274646,0.1188164759455834,0.8994701752500102,1.6286242028751303,grouped_residual_irt_focus_round2,reports/model_improvement_fasttext/grouped_residual_irt_focus_anchor_twopl_ens/grouped_residual_irt_summary.csv
grouped_residual_irt_anchor_cosine_g64_t010_rp100_twopl_hybrid_w70_30,1000,0.7909640164074656,0.8398881513139947,0.4110081028528045,0.1188245944851332,0.8993938735151684,1.855173416374896,grouped_residual_irt_focus_round2,reports/model_improvement_fasttext/grouped_residual_irt_focus_anchor_twopl_ens/grouped_residual_irt_summary.csv
grouped_residual_irt_anchor_cosine_g64_t010_rp100_twopl_hybrid_w80_20,1000,0.7909427451706019,0.8400416022551604,0.410584967463006,0.1188507686819328,0.8993940457297803,1.792781782812483,grouped_residual_irt_focus_round2,reports/model_improvement_fasttext/grouped_residual_irt_focus_anchor_twopl_ens/grouped_residual_irt_summary.csv
grouped_residual_irt_anchor_cosine_g64_t010_rp200_twopl_hybrid_w90_10,1000,0.7909114331090417,0.840189369828135,0.4101275060696051,0.1188475683314161,0.8994705079429076,1.8627620513125864,grouped_residual_irt_focus_round2,reports/model_improvement_fasttext/grouped_residual_irt_focus_anchor_twopl_ens/grouped_residual_irt_summary.csv
grouped_residual_irt_anchor_cosine_g64_t010_rp100_twopl_hybrid_w90_10,1000,0.790911174295175,0.8402007365645175,0.4102275286614352,0.1188857769773592,0.8993941793354352,1.6301306473751538,grouped_residual_irt_focus_round2,reports/model_improvement_fasttext/grouped_residual_irt_focus_anchor_twopl_ens/grouped_residual_irt_summary.csv
grouped_residual_irt_anchor_cosine_g16_t010_rp200_twopl_hybrid_w50_50_bp060,1000,0.790835453609884,0.8389049286168955,0.4117865057858255,0.1186894504548293,0.8988328392539214,0.442941429812663,grouped_residual_irt_q1000_bias_anchor_g16,
grouped_residual_irt_pca_quantile_g16_t025_rp100_twopl_hybrid_w70_30,1000,0.7907023724314285,0.8400302355187779,0.409905108096521,0.1184722493039465,0.8983820193948565,1.261486354500022,grouped_residual_irt_focus_round2,reports/model_improvement_fasttext/grouped_residual_irt_focus_pca_twopl_chunks/g16_t025_rp100/grouped_residual_irt_summary.csv
grouped_residual_irt_anchor_cosine_g16_t010_rp100_twopl_hybrid_w70_30,1000,0.7907012106517599,0.8399506683640993,0.4102813015778899,0.1185538008298947,0.8988446733043484,2.1683669148124523,grouped_residual_irt_focus_round2,reports/model_improvement_fasttext/grouped_residual_irt_focus_anchor_twopl_ens/grouped_residual_irt_summary.csv
grouped_residual_irt_anchor_cosine_g16_t010_rp200_twopl_hybrid_w70_30,1000,0.7906966040243022,0.8399506683640993,0.4102783687595361,0.1185528777081355,0.8988433948593162,1.699654631124929,grouped_residual_irt_focus_round2,reports/model_improvement_fasttext/grouped_residual_irt_focus_anchor_twopl_ens/grouped_residual_irt_summary.csv
grouped_residual_irt_pca_quantile_g16_t025_rp200_twopl_hybrid_w70_30,1000,0.790695395427633,0.8400245521505865,0.4099045471594871,0.1184720731353808,0.8983830040165166,1.264827613625073,grouped_residual_irt_focus_round2,reports/model_improvement_fasttext/grouped_residual_irt_focus_pca_twopl_chunks/g16_t025_rp200/grouped_residual_irt_summary.csv
grouped_residual_irt_anchor_cosine_g16_t010_rp200_twopl_hybrid_w55_45_bp060,1000,0.7905824875250649,0.8389560789306174,0.411431893912797,0.1186729922547486,0.8988338461414611,0.4665657296252448,grouped_residual_irt_q1000_bias_anchor_g16,
grouped_residual_irt_pca_quantile_g16_t025_rp200_twopl_hybrid_w65_35_bp060,1000,0.7905477254026682,0.8394959989087933,0.4103873256033938,0.1185487408736094,0.8983667004705487,0.439376361000086,grouped_residual_irt_q1000_bias_pca_g16,
grouped_residual_irt_anchor_cosine_g64_t010_rp100_twopl_hybrid_w60_40_bp060,1000,0.7905445330971461,0.8386605437846686,0.4117581718924302,0.1189042901473131,0.8993938652098299,0.4508055581875396,grouped_residual_irt_q1000_bias_anchor_g64,
grouped_residual_irt_anchor_cosine_g64_t010_rp100_twopl_hybrid_w50_50_bp060,1000,0.7905420694014418,0.8385070928435028,0.412348983232138,0.1188990283688867,0.8993938652098299,0.4497098448122187,grouped_residual_irt_q1000_bias_anchor_g64,
grouped_residual_irt_anchor_cosine_g64_t010_rp100_twopl_hybrid_w55_45_bp060,1000,0.7905115242952158,0.838546876420842,0.4120420094501208,0.1189005687746206,0.8993938652098299,0.5036944875629388,grouped_residual_irt_q1000_bias_anchor_g64,
grouped_residual_irt_anchor_cosine_g64_t010_rp100_twopl_hybrid_w65_35_bp060,1000,0.7904787403576706,0.8387969446212603,0.4114930366295795,0.1189101933521525,0.8993938652098299,0.4478253094374622,grouped_residual_irt_q1000_bias_anchor_g64,
grouped_residual_irt_anchor_cosine_g16_t010_rp100_twopl_hybrid_w80_20,1000,0.7903627035455842,0.8402121033009002,0.4097772004944771,0.1185499801584199,0.8988612237490123,1.7851258190624435,grouped_residual_irt_focus_round2,reports/model_improvement_fasttext/grouped_residual_irt_focus_anchor_twopl_ens/grouped_residual_irt_summary.csv
grouped_residual_irt_anchor_cosine_g16_t010_rp200_twopl_hybrid_w80_20,1000,0.7903440853999358,0.8401950531963263,0.4097740027442312,0.1185489782764304,0.8988599449315228,1.7410239888750425,grouped_residual_irt_focus_round2,reports/model_improvement_fasttext/grouped_residual_irt_focus_anchor_twopl_ens/grouped_residual_irt_summary.csv
grouped_residual_irt_anchor_cosine_g16_t010_rp200_twopl_hybrid_w60_40_bp060,1000,0.7902527854217803,0.8390072292443393,0.4111017777423729,0.1186592548496755,0.8988352240429511,0.4691547876874438,grouped_residual_irt_q1000_bias_anchor_g16,
grouped_residual_irt_anchor_cosine_g16_t010_rp200_twopl_hybrid_w65_35_bp060,1000,0.7897551327661897,0.8389788124033828,0.4107917156932668,0.1186482396024325,0.8988382988766371,0.4733645853127655,grouped_residual_irt_q1000_bias_anchor_g16,
grouped_residual_irt_pca_quantile_g16_t025_rp200_twopl_hybrid_w60_40_bm060,1000,0.7895956938069785,0.8394107483859234,0.4107395221064088,0.1185945201935491,0.8983587576234923,0.4816504259372323,grouped_residual_irt_q1000_bias_pca_g16,
grouped_residual_irt_anchor_cosine_g16_t010_rp100_twopl_hybrid_w90_10,1000,0.7895331829649349,0.8403882877148313,0.4093437652661135,0.1185571661055439,0.8988845367999038,1.7523766853751113,grouped_residual_irt_focus_round2,reports/model_improvement_fasttext/grouped_residual_irt_focus_anchor_twopl_ens/grouped_residual_irt_summary.csv
grouped_residual_irt_anchor_cosine_g16_t010_rp200_twopl_hybrid_w90_10,1000,0.7895241254062083,0.8403882877148313,0.4093403333112417,0.1185560987421575,0.8988832143636045,1.6300471299375658,grouped_residual_irt_focus_round2,reports/model_improvement_fasttext/grouped_residual_irt_focus_anchor_twopl_ens/grouped_residual_irt_summary.csv
grouped_residual_irt_pca_quantile_g8_t030_rp100_twopl_hybrid_w70_30,1000,0.7893564014706173,0.8402462035100482,0.4096465377448705,0.1183897957321479,0.8986455503509391,1.2691855719374985,grouped_residual_irt_focus_round2,reports/model_improvement_fasttext/grouped_residual_irt_focus_pca_twopl_chunks/g8_t030_rp100/grouped_residual_irt_summary.csv
grouped_residual_irt_pca_quantile_g8_t025_rp100_twopl_hybrid_w70_30,1000,0.7891658975376596,0.8401836864599437,0.4097046865173779,0.1184106857931182,0.8986035641478622,1.2663750355000047,grouped_residual_irt_focus_round2,reports/model_improvement_fasttext/grouped_residual_irt_focus_pca_twopl_chunks/g8_t025_rp100/grouped_residual_irt_summary.csv
grouped_residual_irt_pca_quantile_g8_t025_rp200_twopl_hybrid_w70_30,1000,0.7891658975376596,0.8401836864599437,0.4097043434833096,0.1184105909994862,0.8986035370372244,1.259493942312503,grouped_residual_irt_focus_round2,reports/model_improvement_fasttext/grouped_residual_irt_focus_pca_twopl_chunks/g8_t025_rp200/grouped_residual_irt_summary.csv
grouped_residual_irt_pca_quantile_g16_t025_rp200_twopl_hybrid_w65_35_bm060,1000,0.7889973055667301,0.839331181231245,0.4104475729885303,0.1185957882266932,0.89836671930092,0.4498012976875998,grouped_residual_irt_q1000_bias_pca_g16,
grouped_residual_irt_pca_quantile_g8_t025_rp200_twopl_hybrid_w80_20,1000,0.7886652860467259,0.840138219514413,0.4092345563460924,0.1184369508662184,0.89861922098577,1.2571873815624883,grouped_residual_irt_focus_round2,reports/model_improvement_fasttext/grouped_residual_irt_focus_pca_twopl_chunks/g8_t025_rp200/grouped_residual_irt_summary.csv
grouped_residual_irt_pca_quantile_g8_t025_rp100_twopl_hybrid_w80_20,1000,0.7886652860467259,0.840138219514413,0.4092349010574654,0.1184370397017438,0.8986189865376986,1.2886705533125138,grouped_residual_irt_focus_round2,reports/model_improvement_fasttext/grouped_residual_irt_focus_pca_twopl_chunks/g8_t025_rp100/grouped_residual_irt_summary.csv
grouped_residual_irt_pca_quantile_g8_t030_rp100_twopl_hybrid_w80_20,1000,0.7883828048138185,0.8404280712921706,0.409166672808286,0.1184120989691167,0.8986659382943358,1.271343377437546,grouped_residual_irt_focus_round2,reports/model_improvement_fasttext/grouped_residual_irt_focus_pca_twopl_chunks/g8_t030_rp100/grouped_residual_irt_summary.csv
grouped_residual_irt_pca_quantile_g16_t025_rp100_twopl_hybrid_w80_20,1000,0.7875141027153891,0.8400416022551604,0.4094309907921364,0.1184917193011758,0.8983923765724727,1.2613934514374705,grouped_residual_irt_focus_round2,reports/model_improvement_fasttext/grouped_residual_irt_focus_pca_twopl_chunks/g16_t025_rp100/grouped_residual_irt_summary.csv
grouped_residual_irt_pca_quantile_g16_t025_rp200_twopl_hybrid_w80_20,1000,0.7875141027153891,0.8400416022551604,0.4094304220529189,0.1184915491927586,0.8983927679369167,1.2592128029374408,grouped_residual_irt_focus_round2,reports/model_improvement_fasttext/grouped_residual_irt_focus_pca_twopl_chunks/g16_t025_rp200/grouped_residual_irt_summary.csv
grouped_residual_irt_pca_quantile_g8_t030_rp100_twopl_hybrid_w90_10,1000,0.7874369998409586,0.8403769209784486,0.4087826467653402,0.1184577971554435,0.8986886547484166,1.265674277875064,grouped_residual_irt_focus_round2,reports/model_improvement_fasttext/grouped_residual_irt_focus_pca_twopl_chunks/g8_t030_rp100/grouped_residual_irt_summary.csv
grouped_residual_irt_pca_quantile_g16_t030_rp100_twopl_hybrid_w80_20,1000,0.7868914098185688,0.8399847685732472,0.409413281489615,0.1184803053366773,0.8984400013695399,1.2568105303125208,grouped_residual_irt_focus_round2,reports/model_improvement_fasttext/grouped_residual_irt_focus_pca_twopl_chunks/g16_t030_rp100/grouped_residual_irt_summary.csv
grouped_residual_irt_anchor_cosine_g64_t010_rp100,1000,0.7861301385416777,0.8400870692006911,0.4099319474922338,0.1189296175591393,0.899394979762571,1.4268144310624962,grouped_residual_irt_focus_round2,reports/model_improvement_fasttext/grouped_residual_irt_focus_anchor/grouped_residual_irt_summary.csv
grouped_residual_irt_anchor_cosine_g64_t015_rp300,1000,0.786117681579014,0.8402177866690916,0.4101122999553962,0.1189993812939302,0.8995327331479329,1.3967755834375168,grouped_residual_irt_focus_round2,reports/model_improvement_fasttext/grouped_residual_irt_focus_anchor/grouped_residual_irt_summary.csv
grouped_residual_irt_anchor_cosine_g64_t015_rp100,1000,0.7860706109074773,0.8400586523597344,0.4103473646278716,0.119090387142414,0.8994022912949841,1.3891847531874078,grouped_residual_irt_focus_round2,reports/model_improvement_fasttext/grouped_residual_irt_focus_anchor/grouped_residual_irt_summary.csv
grouped_residual_irt_anchor_cosine_g64_t015_rp200,1000,0.786032372004805,0.8401041193052651,0.41020033999147,0.1190334320349209,0.8994826805876415,1.4214616474999957,grouped_residual_irt_focus_round2,reports/model_improvement_fasttext/grouped_residual_irt_focus_anchor/grouped_residual_irt_summary.csv
grouped_residual_irt_anchor_cosine_g64_t010_rp200,1000,0.7859209203725943,0.8400586523597344,0.409822317390783,0.1188875753739438,0.899471969261094,1.3680810539375443,grouped_residual_irt_focus_round2,reports/model_improvement_fasttext/grouped_residual_irt_focus_anchor/grouped_residual_irt_summary.csv
grouped_residual_irt_pca_quantile_g8_t025_rp100_twopl_hybrid_w90_10,1000,0.7858346824964216,0.8403428207693008,0.4088614147564012,0.1184870551515459,0.8986523824873367,1.2888267089999772,grouped_residual_irt_focus_round2,reports/model_improvement_fasttext/grouped_residual_irt_focus_pca_twopl_chunks/g8_t025_rp100/grouped_residual_irt_summary.csv
grouped_residual_irt_pca_quantile_g8_t025_rp200_twopl_hybrid_w90_10,1000,0.7858346824964216,0.8403428207693008,0.4088610786652658,0.1184869771491466,0.8986526999229687,1.2515210568125497,grouped_residual_irt_focus_round2,reports/model_improvement_fasttext/grouped_residual_irt_focus_pca_twopl_chunks/g8_t025_rp200/grouped_residual_irt_summary.csv
grouped_residual_irt_anchor_cosine_g64_t010_rp300,1000,0.7856914497814773,0.8399904519414386,0.4097561975071026,0.1188622326402787,0.8995150707525966,1.3893177118125095,grouped_residual_irt_focus_round2,reports/model_improvement_fasttext/grouped_residual_irt_focus_anchor/grouped_residual_irt_summary.csv
grouped_residual_irt_anchor_cosine_g64_t005_rp100,1000,0.7856324737556672,0.8400757024643084,0.4090470823352768,0.1185897628546898,0.899263689245636,1.3413395458125308,grouped_residual_irt_focus_round2,reports/model_improvement_fasttext/grouped_residual_irt_focus_anchor/grouped_residual_irt_summary.csv
grouped_residual_irt_pca_quantile_g8_t035_rp100,1000,0.7855501738152256,0.8406213058106756,0.4084107775002066,0.1184944980858539,0.898751787778625,1.3486427978125732,grouped_residual_irt_focus_round2,reports/model_improvement_fasttext/grouped_residual_irt_focus_pca/grouped_residual_irt_summary.csv
grouped_residual_irt_pca_quantile_g8_t035_rp200,1000,0.7855501738152256,0.8406213058106756,0.4084104177980387,0.1184944188764988,0.8987510364110214,1.366073232937481,grouped_residual_irt_focus_round2,reports/model_improvement_fasttext/grouped_residual_irt_focus_pca/grouped_residual_irt_summary.csv
grouped_residual_irt_anchor_cosine_g64_t005_rp200,1000,0.7854845956602419,0.8400359188869692,0.409027656508087,0.1185825146171734,0.8992883175418617,1.3900239737499476,grouped_residual_irt_focus_round2,reports/model_improvement_fasttext/grouped_residual_irt_focus_anchor/grouped_residual_irt_summary.csv
grouped_residual_irt_anchor_cosine_g64_t005_rp300,1000,0.7853731393592951,0.8399961353096299,0.4090160353456347,0.1185782112748036,0.8993045346840577,1.428116501374916,grouped_residual_irt_focus_round2,reports/model_improvement_fasttext/grouped_residual_irt_focus_anchor/grouped_residual_irt_summary.csv
grouped_residual_irt_pca_quantile_g16_t025_rp200_twopl_hybrid_w90_10,1000,0.7852360115230618,0.8398711012094208,0.4090451872883173,0.1185307749081683,0.8983782160361917,1.2607750831874966,grouped_residual_irt_focus_round2,reports/model_improvement_fasttext/grouped_residual_irt_focus_pca_twopl_chunks/g16_t025_rp200/grouped_residual_irt_summary.csv
grouped_residual_irt_anchor_cosine_g16_t005_rp300,1000,0.7852355963649683,0.8407747567518414,0.4081962001940236,0.1182863687059369,0.8990774530070268,1.3692079564999915,grouped_residual_irt_focus_round2,reports/model_improvement_fasttext/grouped_residual_irt_focus_anchor/grouped_residual_irt_summary.csv
grouped_residual_irt_pca_quantile_g16_t025_rp100_twopl_hybrid_w90_10,1000,0.7852315485124934,0.8398654178412295,0.4090457478698591,0.1185309311496529,0.8983780730835091,1.2624623666875152,grouped_residual_irt_focus_round2,reports/model_improvement_fasttext/grouped_residual_irt_focus_pca_twopl_chunks/g16_t025_rp100/grouped_residual_irt_summary.csv
grouped_residual_irt_anchor_cosine_g16_t005_rp100,1000,0.7852312540962911,0.8407804401200327,0.4081977415593887,0.1182869818282807,0.8990752542644975,1.3200458178125132,grouped_residual_irt_focus_round2,reports/model_improvement_fasttext/grouped_residual_irt_focus_anchor/grouped_residual_irt_summary.csv
grouped_residual_irt_anchor_cosine_g16_t005_rp200,1000,0.7852302227589111,0.8407804401200327,0.4081963808602931,0.118286444482501,0.8990771922672619,1.3463586128749512,grouped_residual_irt_focus_round2,reports/model_improvement_fasttext/grouped_residual_irt_focus_anchor/grouped_residual_irt_summary.csv
grouped_residual_irt_anchor_cosine_g32_t015_rp100,1000,0.7850913129715813,0.8399677184686732,0.4098792118018617,0.118921128142919,0.8993629422681686,1.324627865312607,grouped_residual_irt_focus_round2,reports/model_improvement_fasttext/grouped_residual_irt_focus_anchor/grouped_residual_irt_summary.csv
grouped_residual_irt_anchor_cosine_g32_t015_rp200,1000,0.785004807045819,0.8400359188869692,0.4096351927353194,0.1188299608357114,0.8994310900751085,1.318226808562514,grouped_residual_irt_focus_round2,reports/model_improvement_fasttext/grouped_residual_irt_focus_anchor/grouped_residual_irt_summary.csv
grouped_residual_irt_pca_quantile_g16_t030_rp100_twopl_hybrid_w90_10,1000,0.7850018189272273,0.8397574338455942,0.4090208466191921,0.1185159763839774,0.8984451691161097,1.2557756740001196,grouped_residual_irt_focus_round2,reports/model_improvement_fasttext/grouped_residual_irt_focus_pca_twopl_chunks/g16_t030_rp100/grouped_residual_irt_summary.csv
grouped_residual_irt_anchor_cosine_g32_t015_rp300,1000,0.7848819807925775,0.8399847685732472,0.409498500614991,0.1187789580511311,0.8994633817926662,1.3145959446874542,grouped_residual_irt_focus_round2,reports/model_improvement_fasttext/grouped_residual_irt_focus_anchor/grouped_residual_irt_summary.csv
grouped_residual_irt_anchor_cosine_g32_t010_rp100,1000,0.7848525410912596,0.8400586523597344,0.4096216388764044,0.1188229119355083,0.8992910330011433,1.311199853625027,grouped_residual_irt_focus_round2,reports/model_improvement_fasttext/grouped_residual_irt_focus_anchor/grouped_residual_irt_summary.csv
grouped_residual_irt_anchor_cosine_g32_t010_rp300,1000,0.7847720434978412,0.8401495862507957,0.4093853241323559,0.1187349697201698,0.8994017970270614,1.3138990166874862,grouped_residual_irt_focus_round2,reports/model_improvement_fasttext/grouped_residual_irt_focus_anchor/grouped_residual_irt_summary.csv
grouped_residual_irt_pca_quantile_g16_t025_rp200,1000,0.7847357338463941,0.8401325361462217,0.4087445523773566,0.1185897483798338,0.8983678393670262,1.243519040624932,grouped_residual_irt_focus_round2,reports/model_improvement_fasttext/grouped_residual_irt_focus_pca_twopl_chunks/g16_t025_rp200/grouped_residual_irt_summary.csv
grouped_residual_irt_pca_quantile_g16_t025_rp100,1000,0.7847357338463941,0.8401325361462217,0.4087450890404346,0.1185898829476258,0.8983679789127681,1.2525246469999445,grouped_residual_irt_focus_round2,reports/model_improvement_fasttext/grouped_residual_irt_focus_pca_twopl_chunks/g16_t025_rp100/grouped_residual_irt_summary.csv
grouped_residual_irt_anchor_cosine_g32_t010_rp200,1000,0.7847148880812117,0.8400586523597344,0.4094650009057934,0.1187646149192943,0.899365283680913,1.3142000093124864,grouped_residual_irt_focus_round2,reports/model_improvement_fasttext/grouped_residual_irt_focus_anchor/grouped_residual_irt_summary.csv
grouped_residual_irt_pca_quantile_g8_t020_rp200,1000,0.7844111232084712,0.840365554242066,0.4086611930804428,0.1185893345749194,0.8985347525237133,1.3208384363750554,grouped_residual_irt_focus_round2,reports/model_improvement_fasttext/grouped_residual_irt_focus_pca/grouped_residual_irt_summary.csv
grouped_residual_irt_pca_quantile_g8_t020_rp100,1000,0.7844063051387826,0.8403598708738746,0.4086614948443277,0.1185893910919491,0.8985343918186178,1.307005330937443,grouped_residual_irt_focus_round2,reports/model_improvement_fasttext/grouped_residual_irt_focus_pca/grouped_residual_irt_summary.csv
grouped_residual_irt_pca_quantile_g8_t025_rp100,1000,0.7843671333031301,0.8404735382377012,0.4085799029517006,0.1185607302097622,0.8986417374986693,1.278965496812475,grouped_residual_irt_focus_round2,reports/model_improvement_fasttext/grouped_residual_irt_focus_pca_twopl_chunks/g8_t025_rp100/grouped_residual_irt_summary.csv
grouped_residual_irt_pca_quantile_g8_t025_rp200,1000,0.7843671333031301,0.8404735382377012,0.4085795856743822,0.1185606679154969,0.8986421397189875,1.238053638499963,grouped_residual_irt_focus_round2,reports/model_improvement_fasttext/grouped_residual_irt_focus_pca_twopl_chunks/g8_t025_rp200/grouped_residual_irt_summary.csv
grouped_residual_irt_pca_quantile_g16_t030_rp200,1000,0.7842723809759966,0.8400359188869692,0.4087114342351963,0.1185707736523815,0.8984446540061446,1.4585338608750362,grouped_residual_irt_focus_round2,reports/model_improvement_fasttext/grouped_residual_irt_focus_pca/grouped_residual_irt_summary.csv
grouped_residual_irt_pca_quantile_g16_t030_rp100,1000,0.7842573207350327,0.8400302355187779,0.4087119889081722,0.1185709175901318,0.8984447340988897,1.3649747613750094,grouped_residual_irt_focus_round2,reports/model_improvement_fasttext/grouped_residual_irt_focus_pca/grouped_residual_irt_summary.csv
grouped_residual_irt_pca_quantile_g16_t020_rp100,1000,0.7839397334496354,0.8401439028826043,0.4087786653098526,0.1186067493841117,0.8983214368639203,1.3606261739375043,grouped_residual_irt_focus_round2,reports/model_improvement_fasttext/grouped_residual_irt_focus_pca/grouped_residual_irt_summary.csv
grouped_residual_irt_pca_quantile_g16_t020_rp200,1000,0.7839306233250518,0.8401439028826043,0.4087781311561165,0.1186066177088568,0.8983214121982612,1.3644843961250217,grouped_residual_irt_focus_round2,reports/model_improvement_fasttext/grouped_residual_irt_focus_pca/grouped_residual_irt_summary.csv
grouped_residual_irt_pca_quantile_g8_t030_rp100,1000,0.7839273697782067,0.8403712376102573,0.4084901254216402,0.1185268883538216,0.8987005384966986,1.2562361691874455,grouped_residual_irt_focus_round2,reports/model_improvement_fasttext/grouped_residual_irt_focus_pca_twopl_chunks/g8_t030_rp100/grouped_residual_irt_summary.csv
grouped_residual_irt_pca_quantile_g8_t030_rp200,1000,0.7839273697782067,0.8403712376102573,0.4084897884500756,0.1185268184568657,0.898700514087629,1.3196308707499895,grouped_residual_irt_focus_round2,reports/model_improvement_fasttext/grouped_residual_irt_focus_pca/grouped_residual_irt_summary.csv
grouped_residual_irt_anchor_cosine_g16_t010_rp300,1000,0.7838947023192548,0.8405815222333364,0.4089765858689514,0.1185755121813835,0.8989057628125977,1.309192561687496,grouped_residual_irt_focus_round2,reports/model_improvement_fasttext/grouped_residual_irt_focus_anchor/grouped_residual_irt_summary.csv
grouped_residual_irt_anchor_cosine_g16_t010_rp200,1000,0.7838423071950367,0.8405246885514231,0.4089733724840468,0.1185742372262465,0.8989080195901153,0.4606783029997814,grouped_residual_irt_q1000_bias_anchor_g16,
grouped_residual_irt_pca_quantile_g16_t035_rp100,1000,0.78382748988166,0.8398711012094208,0.4086825160925753,0.1185517356414633,0.898518863902512,1.4600860909375228,grouped_residual_irt_focus_round2,reports/model_improvement_fasttext/grouped_residual_irt_focus_pca/grouped_residual_irt_summary.csv
grouped_residual_irt_pca_quantile_g16_t035_rp200,1000,0.7838205623711302,0.8398654178412294,0.4086819346647481,0.1185515775345201,0.8985193577778652,1.5093642243749912,grouped_residual_irt_focus_round2,reports/model_improvement_fasttext/grouped_residual_irt_focus_pca/grouped_residual_irt_summary.csv
grouped_residual_irt_anchor_cosine_g16_t010_rp100,1000,0.7838020085880357,0.8405076384468492,0.4089770090158954,0.1185753567927049,0.8989091867547352,1.7283808853748042,grouped_residual_irt_focus_round2,reports/model_improvement_fasttext/grouped_residual_irt_focus_anchor_twopl_ens/grouped_residual_irt_summary.csv
grouped_residual_irt_anchor_cosine_g32_t005_rp300,1000,0.7835425324287788,0.839944984995908,0.4091949823876059,0.1186646838893167,0.8988314956079071,1.3143343503750202,grouped_residual_irt_focus_round2,reports/model_improvement_fasttext/grouped_residual_irt_focus_anchor/grouped_residual_irt_summary.csv
grouped_residual_irt_anchor_cosine_g16_t015_rp300,1000,0.7834908423317766,0.840416704555788,0.4092982632523894,0.1186992067853855,0.8988635188500362,1.3049502210000128,grouped_residual_irt_focus_round2,reports/model_improvement_fasttext/grouped_residual_irt_focus_anchor/grouped_residual_irt_summary.csv
grouped_residual_irt_anchor_cosine_g16_t015_rp200,1000,0.7834782022468085,0.8404110211875966,0.4093133676549757,0.1187048113971816,0.8988590494691564,1.3054107056874784,grouped_residual_irt_focus_round2,reports/model_improvement_fasttext/grouped_residual_irt_focus_anchor/grouped_residual_irt_summary.csv
grouped_residual_irt_anchor_cosine_g16_t015_rp100,1000,0.7834765099090308,0.8403598708738746,0.4093572434999755,0.1187208909439629,0.8988479306104371,1.2984186733750391,grouped_residual_irt_focus_round2,reports/model_improvement_fasttext/grouped_residual_irt_focus_anchor/grouped_residual_irt_summary.csv
grouped_residual_irt_anchor_cosine_g32_t005_rp200,1000,0.7834668399592295,0.8399052014185687,0.4092071312049921,0.1186692476432909,0.8988159072133772,1.3313330355624655,grouped_residual_irt_focus_round2,reports/model_improvement_fasttext/grouped_residual_irt_focus_anchor/grouped_residual_irt_summary.csv
grouped_residual_irt_anchor_cosine_g32_t005_rp100,1000,0.7834655521191181,0.8399165681549513,0.4092309310468697,0.1186781746025076,0.8987841838871858,1.3091704116875178,grouped_residual_irt_focus_round2,reports/model_improvement_fasttext/grouped_residual_irt_focus_anchor/grouped_residual_irt_summary.csv
rasch_irt_online_baseline,1000,0.7833732368162386,0.8399506683640993,0.410912116377752,0.1193108363077044,0.8966877806169006,0.4424812195003369,grouped_residual_irt_q1000_bias_anchor_g16,
